,City,Country,Lat,Lng,Max Temp,Humidity,Cloudiness,Wind Speed,Current Description
0,Sarkand,KZ,45.41,79.9186,28.74,96,100,3.31,light snow
1,Ornskoldsvik,SE,63.2909,18.7153,28.22,68,100,18.41,overcast clouds
2,Yellowknife,CA,62.456,-114.3525,-14.71,76,40,8.05,scattered clouds
3,Bethel,US,41.3712,-73.414,45.05,66,75,5.75,broken clouds
4,Upernavik,GL,72.7868,-56.1549,27.82,85,100,3.04,overcast clouds
5,Bredasdorp,ZA,-34.5322,20.0403,54.72,88,74,5.75,broken clouds
6,Bonthe,SL,7.5264,-12.505,77.22,81,7,3.11,clear sky
7,New Norfolk,AU,-42.7826,147.0587,77.67,25,73,1.99,broken clouds
8,Punta Arenas,CL,-53.15,-70.9167,46.51,71,0,4.61,clear sky
9,Half Moon Bay,US,37.4636,-122.4286,55.62,88,100,4.61,mist
10,Zhigansk,RU,66.7697,123.3711,-18.71,97,100,18.7,overcast clouds
11,Bintulu,MY,3.1667,113.0333,82.81,78,40,5.75,scattered clouds
12,Rikitea,PF,-23.1203,-134.9692,77.68,78,100,13.98,overcast clouds
13,Camocim,BR,-2.9022,-40.8411,76.15,89,23,7.83,few clouds
14,Hilo,US,19.7297,-155.09,74.93,88,100,9.22,overcast clouds
15,Ilulissat,GL,69.2167,-51.1,41.02,56,100,18.41,overcast clouds
16,Mehamn,NO,71.0357,27.8492,30.15,80,40,31.07,scattered clouds
17,Lethem,GY,3.3803,-59.7968,77.88,76,82,12.1,broken clouds
18,Cape Town,ZA,-33.9258,18.4232,62.11,91,57,2.3,broken clouds
19,Albany,US,42.6001,-73.9662,41.61,78,100,5.64,overcast clouds
20,Tashigang,BT,27.3331,91.5542,59.05,37,75,2.71,broken clouds
21,Aklavik,CA,68.2191,-135.0107,-15.77,97,100,8.23,overcast clouds
22,Cherskiy,RU,68.75,161.3,-41.58,99,36,3.62,scattered clouds
23,Avarua,CK,-21.2078,-159.775,78.85,83,100,8.05,overcast clouds
24,Souillac,MU,-20.5167,57.5167,84.36,83,40,12.66,scattered clouds
25,Road Town,VG,18.4167,-64.6167,77.0,71,3,21.43,clear sky
26,Guerrero Negro,MX,27.9769,-114.0611,60.94,84,63,8.68,broken clouds
27,Castro,BR,-24.7911,-50.0119,63.59,94,5,3.53,clear sky
28,Hisor,TJ,38.525,68.5512,35.35,54,0,3.38,clear sky
29,Flinders,AU,-34.5833,150.8552,74.21,64,88,15.48,overcast clouds
30,Teya,RU,60.3778,92.6267,10.87,93,100,6.06,overcast clouds
31,Jamestown,US,42.097,-79.2353,28.29,61,100,7.0,overcast clouds
32,Sitka,US,57.0531,-135.33,39.09,93,100,0.0,moderate rain
33,Mamlyutka,KZ,54.9375,68.5394,8.62,92,98,7.56,overcast clouds
34,Lebu,CL,-37.6167,-73.65,52.57,86,2,5.53,clear sky
35,Thompson,CA,55.7435,-97.8558,-21.84,76,0,4.61,clear sky
36,Carnarvon,AU,-24.8667,113.6333,84.27,65,0,12.66,clear sky
37,Bluff,NZ,-46.6,168.3333,53.8,82,100,24.74,overcast clouds
38,Makaryev,RU,57.8797,43.8069,17.94,94,100,13.24,light snow
39,Nyurba,RU,63.2842,118.3319,-1.73,94,100,7.4,overcast clouds
40,Shelburne,CA,44.0787,-80.2041,19.29,80,99,14.88,overcast clouds
41,Tourlaville,FR,49.6383,-1.5664,45.66,75,75,9.22,broken clouds
42,Saint-Philippe,RE,-21.3585,55.7679,85.55,81,57,1.95,broken clouds
43,Richards Bay,ZA,-28.783,32.0377,71.31,88,56,2.24,broken clouds
44,Praya,CV,14.9215,-23.5087,70.34,83,20,13.8,few clouds
45,Ushuaia,AR,-54.8,-68.3,45.68,78,12,3.62,few clouds
46,Vaini,TO,-21.2,-175.2,82.13,83,2,19.55,clear sky
47,Cerritos,US,33.8583,-118.0648,59.95,85,0,1.01,clear sky
48,Brae,GB,60.3964,-1.353,35.51,54,100,28.59,overcast clouds
49,Havre-Saint-Pierre,CA,50.2334,-63.5986,7.39,71,100,17.27,overcast clouds
50,Gouyave,GD,12.1646,-61.7296,75.97,83,40,13.8,scattered clouds
51,Chuy,UY,-33.6971,-53.4616,73.18,97,1,4.83,clear sky
52,Port Hardy,CA,50.6996,-127.4199,51.76,87,100,23.02,overcast clouds
53,Qaanaaq,GL,77.484,-69.3632,-9.74,65,0,9.15,clear sky
54,Airai,TL,-8.9266,125.4092,61.41,96,100,0.63,light rain
55,Longyearbyen,SJ,78.2186,15.6401,17.44,73,40,10.36,scattered clouds
56,Taltal,CL,-25.4,-70.4833,67.84,78,1,2.91,clear sky
57,Hermanus,ZA,-34.4187,19.2345,61.9,74,80,2.39,broken clouds
58,Pisco,PE,-13.7,-76.2167,71.65,78,0,14.97,clear sky
59,Belmonte,BR,-15.8631,-38.8828,77.5,84,1,4.83,clear sky
60,Cayenne,GF,4.9333,-52.3333,76.08,90,0,0.0,clear sky
61,Mataura,NZ,-46.1927,168.8643,53.47,79,100,6.42,light rain
62,Saint-Joseph,RE,-21.3667,55.6167,84.56,81,47,2.39,light rain
63,Rio Gallegos,AR,-51.6226,-69.2181,51.85,87,7,14.97,haze
64,Noumea,NC,-22.2763,166.4572,82.99,99,51,18.12,light rain
65,Chokurdakh,RU,70.6333,147.9167,-34.08,97,73,3.71,broken clouds
66,Sintea Mare,RO,46.5167,21.6,23.88,88,8,4.99,clear sky
67,Bima,ID,-8.4667,118.7167,84.94,71,63,4.9,broken clouds
68,Hobart,AU,-42.8794,147.3294,78.03,38,40,13.8,scattered clouds
69,East London,ZA,-33.0153,27.9116,68.94,83,0,10.36,clear sky
70,Tuatapere,NZ,-46.1333,167.6833,53.82,66,100,10.45,light rain
71,Ambulu,ID,-8.345,113.6058,79.21,83,100,1.19,overcast clouds
72,Ahar,IR,38.4774,47.0699,22.73,96,93,1.99,snow
73,Kavieng,PG,-2.5744,150.7967,79.75,84,100,16.11,light rain
74,Narsaq,GL,60.9167,-46.05,44.82,97,100,12.28,moderate rain
75,Marsa Matruh,EG,31.3525,27.2453,52.0,58,40,10.36,scattered clouds
76,Paamiut,GL,61.994,-49.6678,33.84,97,100,30.13,snow
77,Hofn,IS,64.2539,-15.2082,30.18,52,48,3.62,scattered clouds
78,Manta,EC,-0.95,-80.7333,76.78,83,75,6.91,broken clouds
79,Pontianak,ID,-0.0333,109.3333,82.38,83,75,5.75,broken clouds
80,Katsuura,JP,35.1333,140.3,46.51,52,19,14.9,few clouds
81,Kaitangata,NZ,-46.2817,169.8464,55.92,65,100,13.78,overcast clouds
82,Khatanga,RU,71.9667,102.5,-10.66,98,100,7.74,overcast clouds
83,Boguchany,RU,58.3814,97.4531,11.16,94,94,4.29,overcast clouds
84,Amahai,ID,-3.3333,128.9167,86.32,63,100,3.69,overcast clouds
85,Arraial Do Cabo,BR,-22.9661,-42.0278,75.7,91,0,17.34,clear sky
86,Nikolskoye,RU,59.7035,30.7861,36.88,89,100,10.33,light snow
87,Butaritari,KI,3.0707,172.7902,82.0,77,100,17.02,overcast clouds
88,Lagos,NG,6.5833,3.75,79.12,41,6,4.54,clear sky
89,Carutapera,BR,-1.195,-46.02,76.59,90,52,6.73,broken clouds
90,Karaton,ID,-6.3424,106.1045,80.96,90,100,3.96,overcast clouds
91,Mahebourg,MU,-20.4081,57.7,84.25,83,40,12.66,scattered clouds
92,Cockburn Town,TC,21.4612,-71.1419,78.28,77,0,20.54,clear sky
93,Saskylakh,RU,71.9167,114.0833,-14.53,92,94,7.2,overcast clouds
94,Vestmannaeyjar,IS,63.4427,-20.2734,42.73,80,100,15.01,overcast clouds
95,Douglas,US,41.3,-96.167,8.51,65,0,1.99,clear sky
96,Bambous Virieux,MU,-20.3428,57.7575,84.22,83,40,12.66,scattered clouds
97,Yanam,IN,16.7333,82.2167,75.6,66,85,1.59,overcast clouds
98,Ledyard,US,41.4398,-72.0142,44.08,80,0,1.01,clear sky
99,Roura,GF,4.7263,-52.3274,75.96,94,0,0.0,clear sky
100,Kahului,US,20.8947,-156.47,78.06,81,40,6.91,scattered clouds
101,Sur,OM,22.5667,59.5289,75.04,67,1,3.22,clear sky
102,Manokwari,ID,-0.8667,134.0833,82.96,74,93,10.2,overcast clouds
103,Yulara,AU,-25.2406,130.9889,91.24,38,75,12.66,broken clouds
104,Winnemucca,US,40.973,-117.7357,32.11,80,0,3.44,clear sky
105,Puerto Ayora,EC,-0.7393,-90.3518,72.82,92,66,6.11,broken clouds
106,Timaru,NZ,-44.4,171.25,64.08,45,82,7.0,broken clouds
107,Miyako,JP,39.6367,141.9525,39.6,43,97,1.97,overcast clouds
108,Ko Samui,TH,9.5357,99.9357,85.91,66,20,13.8,few clouds
109,Shatsk,RU,54.0258,41.7119,7.74,92,100,9.82,overcast clouds
110,Barrow,US,71.2906,-156.7887,-21.98,76,40,6.91,scattered clouds
111,Sal Rei,CV,16.1833,-22.9167,68.56,78,96,12.08,overcast clouds
112,Along,IN,28.1667,94.7667,64.15,31,22,0.54,few clouds
113,Namatanai,PG,-3.6667,152.4333,78.42,87,100,15.14,moderate rain
114,Vila Franca Do Campo,PT,37.7167,-25.4333,62.2,85,82,20.4,broken clouds
115,Vestmanna,FO,62.1564,-7.1664,32.92,69,100,11.5,overcast clouds
116,Kodiak,US,57.79,-152.4072,35.11,69,0,9.69,clear sky
117,Xichang,CN,27.8964,102.2634,44.55,91,98,2.13,overcast clouds
118,Georgetown,MY,5.4112,100.3354,87.89,67,20,1.01,few clouds
119,San Patricio,US,28.017,-97.5169,69.84,66,1,2.46,clear sky
120,Yarim,YE,14.298,44.3779,49.84,87,84,1.39,broken clouds
121,Marawi,PH,7.9986,124.2928,81.21,50,99,4.23,overcast clouds
122,Jiwani,PK,25.05,61.7417,72.97,85,65,16.24,broken clouds
123,Tura,IN,25.5198,90.2201,67.98,51,33,3.4,scattered clouds
124,Auki,SB,-8.7676,160.7034,83.39,80,95,7.87,overcast clouds
125,Xicotencatl,MX,23.0167,-98.8833,70.2,91,76,4.09,broken clouds
126,Linhares,BR,-19.3911,-40.0722,72.18,96,7,0.96,clear sky
127,Hithadhoo,MV,-0.6,73.0833,81.41,74,100,6.6,moderate rain
128,Bondo,CD,3.8146,23.6866,65.93,96,26,2.95,scattered clouds
129,Sharanga,RU,57.1775,46.5396,10.9,90,100,11.56,snow
130,Sioux Lookout,CA,50.1001,-91.917,-18.02,76,0,5.75,clear sky
131,Lavrentiya,RU,65.5833,-171.0,-19.07,92,22,7.56,few clouds
132,Miraflores,MX,19.2167,-98.8083,63.03,64,70,2.01,broken clouds
133,Fortuna,US,40.5982,-124.1573,49.93,95,100,0.0,overcast clouds
134,Atuona,PF,-9.8,-139.0333,79.02,75,18,18.86,few clouds
135,Praia Da Vitoria,PT,38.7333,-27.0667,61.75,88,40,19.62,scattered clouds
136,Kasane,BW,-17.8167,25.15,68.09,100,75,6.91,broken clouds
137,Banda Aceh,ID,5.5577,95.3222,82.83,66,30,4.16,scattered clouds
138,Altamira,BR,-3.2033,-52.2064,70.63,99,70,2.84,broken clouds
139,Ribeira Grande,PT,38.5167,-28.7,59.4,82,40,12.66,scattered clouds
140,Dunedin,NZ,-45.8742,170.5036,56.8,61,99,8.99,overcast clouds
141,Tuktoyaktuk,CA,69.4541,-133.0374,-29.2,75,0,10.36,clear sky
142,Dok Kham Tai,TH,19.1624,99.9934,75.7,58,6,3.56,clear sky
143,Phan Thiet,VN,10.9333,108.1,85.35,47,45,6.82,scattered clouds
144,Whitley Bay,GB,55.0397,-1.4471,39.11,67,75,9.22,broken clouds
145,Puerto Quijarro,BO,-17.7833,-57.7667,75.7,82,58,2.82,broken clouds
146,Makakilo City,US,21.3469,-158.0858,77.32,70,0,4.61,clear sky
147,Ust-Nera,RU,64.5667,143.2,-28.5,88,5,4.25,clear sky
148,Vardo,NO,70.3705,31.1107,21.4,72,4,17.9,clear sky
149,Busselton,AU,-33.65,115.3333,101.08,28,0,8.28,clear sky
150,Bud,US,39.447,-86.1758,24.24,74,100,13.44,overcast clouds
151,Rocha,UY,-34.4833,-54.3333,70.0,99,84,2.19,broken clouds
152,Vostok,RU,46.4856,135.8833,-0.15,89,100,4.27,overcast clouds
153,Los Santos,PA,7.9333,-80.4167,75.42,79,18,16.62,few clouds
154,Victoria,HK,22.2855,114.1577,71.96,69,41,10.0,scattered clouds
155,Pochutla,MX,15.7432,-96.4661,73.81,77,82,3.29,broken clouds
156,Tasiilaq,GL,65.6145,-37.6368,32.16,97,100,13.29,snow
157,Khatra,IN,22.9833,86.85,65.3,26,7,3.78,clear sky
158,Linxia,CN,35.6003,103.2064,37.54,32,100,4.47,overcast clouds
159,Ewo,CG,-0.8725,14.8206,72.84,79,99,1.07,overcast clouds
160,Pevek,RU,69.7008,170.3133,-39.05,97,46,3.69,scattered clouds
161,Kashi,CN,39.4547,75.9797,33.01,34,0,6.71,clear sky
162,Kushima,JP,31.4583,131.2333,51.84,41,6,9.98,clear sky
163,Bongandanga,CD,1.5,21.05,69.49,66,76,1.45,broken clouds
164,Norman Wells,CA,65.282,-126.8329,-29.16,68,40,3.44,scattered clouds
165,Tezu,IN,27.9167,96.1667,70.16,29,24,4.0,few clouds
166,Sanchi,IN,23.4833,77.7333,65.52,34,0,4.79,clear sky
167,Ayan,RU,56.45,138.1667,3.63,75,54,0.78,broken clouds
168,Port Alfred,ZA,-33.5906,26.891,68.38,85,53,12.03,broken clouds
169,Salaga,GH,8.5508,-0.5188,74.21,18,42,7.18,scattered clouds
170,Torbay,CA,47.6666,-52.7314,28.58,78,75,32.21,broken clouds
171,Betare Oya,CM,5.6,14.0833,63.7,28,15,5.35,few clouds
172,Igrim,RU,63.1906,64.4162,16.52,89,100,10.04,overcast clouds
173,Kapaa,US,22.0752,-159.319,76.12,77,0,8.05,clear sky
174,Dikson,RU,73.5069,80.5464,-5.12,94,100,13.58,overcast clouds
175,Kemi,FI,65.8596,24.8228,28.17,69,0,16.11,clear sky
176,Redmond,US,47.674,-122.1215,50.23,88,100,1.99,light rain
177,Ostersund,SE,63.1792,14.6357,25.61,63,35,23.02,scattered clouds
178,Hashtrud,IR,37.4779,47.0508,12.97,93,100,3.02,light snow
179,Mitsamiouli,KM,-11.3847,43.2844,82.69,78,75,11.5,light rain
180,Port Elizabeth,ZA,-33.918,25.5701,62.89,94,56,5.75,mist
181,Korcula,HR,42.9622,17.1369,34.36,63,5,11.43,clear sky
182,Saldanha,ZA,-33.0117,17.9442,59.05,84,10,12.75,clear sky
183,Kyabram,AU,-36.3167,145.05,87.21,16,0,8.63,clear sky
184,Port Augusta,AU,-32.5,137.7667,95.7,33,48,17.31,scattered clouds
185,Hervey Bay,AU,-25.2986,152.8535,84.02,63,39,5.99,scattered clouds
186,Te Anau,NZ,-45.4167,167.7167,57.6,50,97,4.5,light rain
187,Mitu,CO,1.1983,-70.1733,71.11,93,100,2.08,overcast clouds
188,Ilhabela,BR,-23.7781,-45.3581,76.48,92,26,4.21,scattered clouds
189,Santa Maria,BR,-29.6842,-53.8069,81.28,50,23,4.21,few clouds
190,Clyde River,CA,70.4692,-68.5914,3.43,85,100,31.52,heavy snow
191,Havoysund,NO,70.9963,24.6622,32.88,78,97,20.18,light snow
192,Arawa,PG,-6.2132,155.5367,78.13,92,100,4.16,light rain
193,Grand Gaube,MU,-20.0064,57.6608,84.38,82,88,4.0,overcast clouds
194,Plouzane,FR,48.3833,-4.6167,42.85,84,40,6.91,scattered clouds
195,At-Bashi,KG,41.1702,75.8106,10.08,88,67,1.32,broken clouds
196,Columbus,US,39.9612,-82.9988,30.06,76,100,4.0,overcast clouds
197,Beni Mazar,EG,28.4962,30.8029,44.46,69,48,6.53,scattered clouds
198,Lagoa,PT,39.05,-27.9833,61.18,86,54,24.09,broken clouds
199,Faanui,PF,-16.4833,-151.75,80.38,78,100,22.17,moderate rain
200,Tarakan,ID,3.3,117.6333,83.7,74,75,6.91,broken clouds
201,Kati,ML,12.7441,-8.0726,67.41,14,1,4.68,clear sky
202,Klaksvik,FO,62.2266,-6.589,34.72,64,97,16.84,overcast clouds
203,Rock Sound,BS,24.9,-76.2,74.68,66,51,17.07,broken clouds
204,Egvekinot,RU,66.3167,-179.1667,-16.24,75,0,9.13,clear sky
205,Athabasca,CA,54.7169,-113.2854,-7.78,97,55,4.74,broken clouds
206,Laguna,US,38.421,-121.4238,54.34,87,0,3.44,clear sky
207,Lastoursville,GA,-0.8143,12.7287,71.74,96,100,1.83,overcast clouds
208,Dingle,PH,10.9995,122.6711,84.9,67,80,9.75,broken clouds
209,Washington,US,47.5001,-120.5015,38.44,100,100,1.36,overcast clouds
210,Senhor Do Bonfim,BR,-10.4614,-40.1894,67.14,82,2,3.31,clear sky
211,Asau,RO,46.4333,26.4,18.52,78,51,8.59,broken clouds
212,San Policarpo,PH,12.1791,125.5072,79.75,83,87,8.9,overcast clouds
213,Salinopolis,BR,-0.6136,-47.3561,77.9,85,78,10.09,broken clouds
214,Sorland,NO,67.667,12.6934,35.8,72,100,31.7,light rain
215,Mount Gambier,AU,-37.8333,140.7667,91.31,18,0,11.5,clear sky
216,Sonoita,MX,31.85,-112.8333,55.53,47,0,6.2,clear sky
217,San Quintin,MX,30.4833,-115.95,58.73,86,0,8.9,clear sky
218,Ahipara,NZ,-35.1667,173.1667,71.74,65,100,8.81,light rain
219,Bengkulu,ID,-3.8004,102.2655,81.27,71,100,6.71,overcast clouds
220,Mar Del Plata,AR,-38.0023,-57.5575,70.09,89,75,5.01,broken clouds
221,Meulaboh,ID,4.1363,96.1285,81.52,74,61,3.69,broken clouds
222,Kibaek,DK,56.0317,8.857,35.65,53,38,27.02,scattered clouds
223,Chincha Alta,PE,-13.4099,-76.1323,70.39,85,79,3.78,broken clouds
224,Salalah,OM,17.0151,54.0924,69.89,78,0,3.44,clear sky
225,Magadan,RU,59.5667,150.8,2.53,67,5,7.16,clear sky
226,Mauriti,BR,-7.3892,-38.7744,73.71,55,68,3.36,broken clouds
227,Swinoujscie,PL,53.9105,14.2471,34.48,71,52,30.33,light snow
228,Raga,SS,8.4596,25.678,63.5,25,67,7.67,broken clouds
229,Konstantinovsk,RU,47.5828,41.0922,20.14,89,95,4.94,overcast clouds
230,Mukhen,RU,48.1,136.1,2.16,85,95,3.13,overcast clouds
231,Severo-Kurilsk,RU,50.6789,156.125,30.33,88,100,13.78,light snow
232,Burley,US,42.5357,-113.7928,29.3,74,100,0.0,overcast clouds
233,Petropavlovsk-Kamchatskiy,RU,53.0452,158.6483,28.99,51,75,6.71,broken clouds
234,Barsovo,RU,61.1667,73.1667,23.13,97,87,9.06,overcast clouds
235,Comodoro Rivadavia,AR,-45.8667,-67.5,60.66,82,100,5.75,overcast clouds
236,Port Hedland,AU,-20.3167,118.5667,95.05,46,0,12.66,clear sky
237,Pouebo,NC,-20.4,164.5667,84.27,69,39,8.88,scattered clouds
238,Paka,MY,4.6374,103.4368,82.33,74,40,5.75,scattered clouds
239,Bereda,ES,43.2686,-7.5406,35.58,92,25,2.71,scattered clouds
240,Anadyr,RU,64.75,177.4833,-34.01,73,57,8.01,fog
241,Jilin,CN,43.0,126.0,3.38,79,12,0.18,few clouds
242,Belyy Yar,RU,53.6039,91.3903,3.09,100,75,4.47,broken clouds
243,Ambilobe,MG,-13.2,49.05,73.69,96,100,5.68,moderate rain
244,Voh,NC,-20.9667,164.7,85.6,66,65,7.65,broken clouds
245,Ponta Do Sol,PT,32.6667,-17.1,67.12,26,100,18.45,overcast clouds
246,Trincomalee,LK,8.5711,81.2335,79.48,57,7,9.35,clear sky
247,Geraldton,AU,-28.7667,114.6,106.21,9,0,14.97,clear sky
248,Hamilton,US,39.1834,-84.5333,31.03,72,100,3.0,overcast clouds
249,Yagodnoye,RU,62.55,149.6667,-22.18,77,0,2.84,clear sky
250,Ulaanbaatar,MN,47.9077,106.8832,10.53,67,76,2.24,broken clouds
251,Usinsk,RU,65.9939,57.5281,14.45,86,100,29.19,overcast clouds
252,Nanortalik,GL,60.1432,-45.2371,33.91,90,100,16.31,light snow
253,Huarmey,PE,-10.0681,-78.1522,72.99,81,97,7.85,overcast clouds
254,Yershov,RU,51.3513,48.2766,17.33,96,95,6.33,overcast clouds
255,Westport,US,41.1415,-73.3579,46.54,74,75,5.99,broken clouds
256,Jarabacoa,DO,19.1218,-70.6422,70.88,96,18,4.0,few clouds
257,Whitianga,NZ,-36.8333,175.7,72.09,70,100,9.93,moderate rain
258,Lesnoye,RU,58.2841,35.5158,29.59,92,100,9.66,overcast clouds
259,Bilibino,RU,68.0546,166.4372,-31.47,88,4,3.18,clear sky
260,Provideniya,RU,64.3833,-173.3,-6.65,71,1,2.24,clear sky
261,Marsh Harbour,BS,26.5412,-77.0636,72.54,57,59,13.96,broken clouds
262,Yenagoa,NG,4.9247,6.2642,72.66,68,19,2.48,few clouds
263,Sibolga,ID,1.7427,98.7792,84.42,57,91,3.24,overcast clouds
264,Labuhan,ID,-6.8844,112.2051,83.16,73,93,4.68,overcast clouds
265,Hargeysa,SO,9.56,44.065,58.46,97,60,12.73,broken clouds
266,Mujiayingzi,CN,42.1167,118.7833,17.65,33,0,1.41,clear sky
267,Devils Lake,US,48.1128,-98.8651,-16.62,83,0,12.66,clear sky
268,Saint George,US,37.1041,-113.5841,50.59,44,0,3.0,clear sky
269,Berlevag,NO,70.8578,29.0864,30.2,90,54,17.47,light snow
270,Leningradskiy,RU,69.3833,178.4167,-34.8,97,71,4.16,broken clouds
271,Broken Hill,AU,-31.95,141.4333,83.91,42,100,21.85,overcast clouds
272,Saint-Pierre,RE,-21.3393,55.4781,85.64,69,0,1.14,clear sky
273,Maturin,VE,9.75,-63.1767,69.08,98,4,4.16,clear sky
274,Samarai,PG,-10.6167,150.6667,85.69,70,88,18.84,overcast clouds
275,Banamba,ML,13.55,-7.45,61.16,15,0,8.55,clear sky
276,Bluefields,NI,12.0137,-83.7635,75.42,87,17,9.06,few clouds
277,Goderich,CA,43.7501,-81.7165,21.9,93,100,23.02,overcast clouds
278,Caravelas,BR,-17.7125,-39.2481,74.88,91,1,3.06,clear sky
279,Katherine,AU,-14.4667,132.2667,91.72,49,100,10.36,overcast clouds
280,Dhidhdhoo,MV,6.8833,73.1,81.66,68,100,7.83,overcast clouds
281,Dmitriyevka,RU,54.75,55.3333,13.55,87,100,12.01,light snow
282,Kyzyl-Suu,KG,42.3414,78.0056,28.33,84,82,5.21,light snow
283,Tsogni,GA,-2.7942,10.0988,75.02,91,100,2.77,light rain
284,Touros,BR,-5.1989,-35.4608,77.9,75,94,11.83,overcast clouds
285,Sandwick,GB,60.0,-1.25,35.42,55,100,23.02,overcast clouds
286,Krasnoselkup,RU,65.7,82.4667,6.24,95,98,12.35,overcast clouds
287,Alma,CA,48.5501,-71.6491,6.1,97,100,2.48,light snow
288,Danshui,CN,22.7984,114.4672,71.65,47,6,3.71,clear sky
289,Bati,ET,11.1833,40.0167,57.45,94,60,1.79,light rain
290,North Bend,US,43.4065,-124.2243,53.24,100,100,0.0,overcast clouds
291,Naze,JP,28.3667,129.4833,61.72,57,91,14.65,overcast clouds
292,Khorixas,NA,-20.3667,14.9667,67.08,87,100,5.75,light rain
293,Cuenca,EC,-2.8833,-78.9833,59.13,77,66,3.44,broken clouds
294,Katsina,NG,12.9894,7.6006,51.84,31,5,12.03,clear sky
295,Mizan Teferi,ET,6.9833,35.5833,59.11,69,25,2.82,scattered clouds
296,Kropotkin,RU,45.4375,40.5756,21.79,96,83,8.03,snow
297,Tomatlan,MX,19.9333,-105.25,66.27,86,96,3.69,overcast clouds
298,Camacha,PT,33.0833,-16.3333,62.02,72,40,19.57,scattered clouds
299,Urumqi,CN,43.801,87.6005,14.95,86,100,0.0,mist
300,Khuzhir,RU,53.1939,107.3397,14.38,88,100,2.33,overcast clouds
301,Taoudenni,ML,22.6783,-3.9836,58.37,21,0,9.26,clear sky
302,Tarbes,FR,43.25,0.1667,44.26,81,100,2.3,overcast clouds
303,Lasa,IT,46.6166,10.7002,36.48,91,68,6.67,broken clouds
304,Lichinga,MZ,-13.3128,35.2406,64.49,100,75,4.61,light intensity drizzle
305,Lata,PT,40.1629,-8.3327,47.8,64,4,4.14,clear sky
306,Chino Valley,US,34.7575,-112.4538,46.17,63,0,6.91,clear sky
307,Bocas Del Toro,PA,9.3333,-82.25,78.33,75,55,5.1,broken clouds
308,Kaeo,NZ,-35.1,173.7833,75.33,61,100,9.19,light rain
309,Teknaf,BD,20.8624,92.3058,71.69,59,20,1.28,few clouds
310,Thessalon,CA,46.2501,-83.5666,3.96,81,69,7.38,broken clouds
311,Prince Rupert,CA,54.3161,-130.3201,46.49,87,100,21.85,mist
312,Kruisfontein,ZA,-34.0033,24.7314,64.26,63,64,6.17,broken clouds
313,Cabo San Lucas,MX,22.8909,-109.9124,76.3,70,99,3.0,overcast clouds
314,Urucara,BR,-2.5364,-57.76,74.97,91,47,2.33,scattered clouds
315,Gat,IL,31.61,34.7642,42.4,100,58,4.99,broken clouds
316,Alice Springs,AU,-23.7,133.8833,90.95,43,92,10.36,overcast clouds
317,Port Keats,AU,-14.25,129.55,88.93,62,77,3.09,light rain
318,Ballina,AU,-28.8667,153.5667,72.79,96,100,13.8,moderate rain
319,Massakory,TD,12.996,15.7293,56.26,28,0,14.67,clear sky
320,Kavaratti,IN,10.5669,72.642,81.52,61,94,9.15,overcast clouds
321,Wanning,CN,18.8003,110.3967,70.38,75,89,9.51,overcast clouds
322,Mingaora,PK,34.7758,72.3625,48.4,62,36,2.44,scattered clouds
323,Takaka,NZ,-40.85,172.8,69.57,62,15,10.07,few clouds
324,Boundiali,CI,9.5217,-6.4869,65.1,15,0,3.36,clear sky
325,Kautokeino,NO,69.0125,23.0412,19.36,77,62,15.26,broken clouds
326,Vetlanda,SE,57.4289,15.0776,26.62,51,77,16.58,broken clouds
327,Digha,IN,21.6833,87.55,68.0,28,5,0.74,clear sky
328,Batsfjord,NO,70.6345,29.7185,21.42,85,7,16.35,clear sky
329,Lompoc,US,34.6391,-120.4579,59.41,87,0,3.44,clear sky
330,Hasaki,JP,35.7333,140.8333,48.6,53,71,9.37,broken clouds
331,Kampot,KH,10.6167,104.1833,77.05,51,56,4.0,broken clouds
332,Fernley,US,39.608,-119.2518,45.16,57,1,1.01,clear sky
333,The Pas,CA,53.8251,-101.2541,-18.38,76,0,3.44,clear sky
334,Kota Belud,MY,6.351,116.4305,80.46,72,51,4.61,broken clouds
335,Salinas,US,36.6777,-121.6555,55.36,82,0,3.44,clear sky
336,Ploemeur,FR,47.7333,-3.4333,43.63,97,40,4.61,scattered clouds
337,Atambua,ID,-9.1061,124.8925,75.25,88,100,1.41,moderate rain
338,Svetlaya,RU,46.5389,138.3297,18.12,55,3,6.04,clear sky
339,Bandarbeyla,SO,9.4942,50.8122,76.03,73,100,14.45,overcast clouds
340,Tahta,EG,26.7693,31.5021,46.72,61,2,6.62,clear sky
341,Nizhniy Odes,RU,63.6445,54.856,9.45,90,100,13.29,overcast clouds
342,Kaiyuan,CN,23.6977,103.3037,56.12,75,94,7.4,overcast clouds
343,Marathon,US,44.9,-89.7668,2.73,69,0,6.91,clear sky
344,Namibe,AO,-15.1961,12.1522,67.17,85,89,0.4,overcast clouds
345,Manbij,SY,36.5281,37.9549,27.37,42,35,18.37,scattered clouds
346,Mangrol,IN,21.1167,70.1167,72.54,67,5,8.93,clear sky
347,Vila,PT,42.0304,-8.1588,38.32,80,0,4.99,clear sky
348,West Plains,US,36.7281,-91.8524,25.56,58,20,10.0,few clouds
349,Hauterive,FR,46.0901,3.4459,37.18,96,100,2.28,overcast clouds
350,Abu Zabad,SD,12.35,29.25,52.75,23,82,16.8,broken clouds
351,New Haven,US,41.4001,-72.9329,45.43,78,20,1.99,few clouds
352,Chazuta,PE,-6.5742,-76.1367,75.52,89,100,1.68,overcast clouds
353,Moron,AR,-34.6534,-58.6198,75.0,92,98,7.0,overcast clouds
354,Tilichiki,RU,60.4667,166.1,-14.31,82,2,9.15,clear sky
355,Sabang,ID,5.8933,95.3214,81.43,68,78,6.33,broken clouds
356,Chapais,CA,49.7834,-74.8492,-9.62,95,100,9.1,overcast clouds
357,Nautla,MX,20.2167,-96.7833,71.19,83,73,12.39,broken clouds
358,Ostrovnoy,RU,68.0531,39.5131,33.89,97,100,14.2,overcast clouds
359,Marion,US,39.7684,-86.1555,23.83,71,100,14.97,overcast clouds
360,Tautira,PF,-17.7333,-149.15,77.02,78,100,20.78,moderate rain
361,Piacabucu,BR,-10.4056,-36.4344,77.29,82,1,2.8,clear sky
362,Tiksi,RU,71.6872,128.8694,-4.02,83,99,15.75,overcast clouds
363,Grindavik,IS,63.8424,-22.4338,37.87,100,75,12.66,broken clouds
364,Velikooktyabrskiy,RU,57.4333,33.8159,29.84,90,100,11.36,light snow
365,Yerbogachen,RU,61.2767,108.0108,7.09,94,99,8.81,light snow
366,Northam,GB,51.0333,-4.2167,45.61,80,6,11.45,clear sky
367,Clearwater,US,27.9659,-82.8001,60.78,66,0,0.0,clear sky
368,Akhmim,EG,26.5622,31.745,46.6,62,2,6.6,clear sky
369,Los Llanos De Aridane,ES,28.6585,-17.9182,67.12,33,40,5.99,scattered clouds
370,Maloy,NO,61.9353,5.1136,31.73,82,100,7.0,overcast clouds
371,Hami,CN,42.8,93.45,30.87,33,0,1.99,clear sky
372,San Andres,CO,12.5847,-81.7006,80.62,69,20,12.66,few clouds
373,Sangar,RU,63.9242,127.4739,-29.38,94,79,6.15,broken clouds
374,Nelson,NZ,-41.2833,173.2833,68.7,85,14,1.99,few clouds
375,Bayan,CN,46.0833,127.4,-0.18,86,64,6.85,broken clouds
376,Ust-Tsilma,RU,65.441,52.1498,17.76,94,100,12.48,snow
377,Alofi,NU,-19.0595,-169.9187,84.09,74,5,24.16,clear sky
378,Cairns,AU,-16.9167,145.7667,91.35,62,75,18.41,broken clouds
379,Lakatoro,VU,-16.0999,167.4164,85.15,76,27,6.08,scattered clouds
380,Poum,NC,-20.2333,164.0167,82.4,71,21,7.14,few clouds
381,Bairiki,KI,1.3292,172.9752,86.0,66,20,10.36,few clouds
382,Pingliang,CN,35.5392,106.6861,35.11,65,76,8.86,broken clouds
383,Oussouye,SN,12.485,-16.5469,71.17,62,79,4.14,broken clouds
384,Safaga,EG,26.7292,33.9365,51.75,61,0,18.37,clear sky
385,Cururupu,BR,-1.8283,-44.8683,73.72,97,56,2.37,broken clouds
386,Pontes E Lacerda,BR,-15.2261,-59.3353,72.68,86,86,1.86,overcast clouds
387,Dali,CN,25.7,100.1833,51.1,53,3,5.68,clear sky
388,Olafsvik,IS,64.8945,-23.7142,40.28,95,100,22.21,overcast clouds
389,Boa Vista,BR,2.8197,-60.6733,80.58,65,20,8.05,few clouds
390,Chicama,PE,-7.8447,-79.1469,68.54,75,43,6.22,scattered clouds
391,Sembabule,UG,-0.0772,31.4567,63.0,91,100,2.42,overcast clouds
392,Cidreira,BR,-30.1811,-50.2056,76.06,93,0,13.04,clear sky
393,Libreville,GA,0.3925,9.4537,75.74,89,100,6.17,overcast clouds
394,Santa Ines,BR,-3.6667,-45.38,72.23,98,97,2.62,overcast clouds
395,Aykhal,RU,66.0,111.5,-12.23,100,95,9.4,overcast clouds
396,Dunmore East,IE,52.1514,-6.9861,41.22,72,9,9.91,clear sky
397,Fomboni,KM,-12.28,43.7425,83.1,73,100,24.02,overcast clouds
398,Monaragala,LK,6.8714,81.3487,81.12,67,100,5.95,overcast clouds
399,Ketchikan,US,55.3422,-131.6461,46.38,100,100,8.05,heavy intensity rain
400,Oktyabrskoye,RU,43.0645,44.7417,23.14,93,100,11.18,overcast clouds
401,Mahuva,IN,21.0914,71.7622,72.99,42,11,9.78,few clouds
402,Pacific Grove,US,36.6177,-121.9166,54.95,85,0,1.01,clear sky
403,Iqaluit,CA,63.7506,-68.5145,-25.87,75,75,5.75,broken clouds
404,Baruun-Urt,MN,46.6806,113.2792,9.73,69,98,2.08,overcast clouds
405,Bartlesville,US,36.7473,-95.9808,24.03,59,0,16.11,clear sky
406,Gorin,RU,51.1983,136.6669,1.81,89,96,1.57,overcast clouds
407,Ambon,ID,-3.6954,128.1814,87.94,62,40,9.22,scattered clouds
408,Broome,US,42.2506,-75.833,38.39,75,100,1.99,overcast clouds
409,Nueva Guinea,NI,11.6876,-84.4562,69.15,97,12,7.25,few clouds
410,Presidencia Roque Saenz Pena,AR,-26.7852,-60.4388,83.35,51,31,4.41,scattered clouds
411,Qaqortoq,GL,60.7167,-46.0333,45.1,93,100,11.72,light rain
412,Sola,VU,-13.8833,167.55,83.12,70,57,2.62,broken clouds
413,Bathsheba,BB,13.2167,-59.5167,77.61,73,20,18.41,few clouds
414,Shenjiamen,CN,29.9576,122.298,48.09,62,66,12.44,broken clouds
415,Soyo,AO,-6.1349,12.3689,76.35,86,98,8.3,overcast clouds
416,Harper,LR,4.375,-7.7169,76.14,88,14,4.97,few clouds
417,Nicoya,CR,10.1483,-85.452,78.35,77,4,8.7,clear sky
418,Porto Novo,BJ,6.4965,2.6036,74.7,62,28,5.14,scattered clouds
419,Bekhtery,UA,46.251,32.2927,27.0,70,28,7.27,scattered clouds
420,Illela,NG,13.7292,5.2975,57.2,25,0,14.43,clear sky
421,Codrington,AU,-38.2667,141.9667,80.15,39,0,17.65,clear sky
422,Cap-Aux-Meules,CA,47.3821,-61.8597,26.62,93,100,14.97,overcast clouds
423,Lorengau,PG,-2.0226,147.2712,79.39,88,100,13.56,overcast clouds
424,Belyy,RU,55.8402,32.9419,29.39,95,100,11.01,light snow
425,Plettenberg Bay,ZA,-34.0527,23.3716,67.75,69,10,2.62,clear sky
426,Lewistown,US,40.5992,-77.5714,44.01,75,0,8.05,clear sky
427,Pemberton,CA,50.3164,-122.8027,35.46,98,100,2.66,overcast clouds
428,Mecca,SA,21.4267,39.8261,59.36,63,0,11.3,clear sky
429,Carballo,ES,43.213,-8.691,47.91,73,24,3.11,few clouds
430,Pangnirtung,CA,66.1451,-65.7125,-22.85,98,100,4.18,overcast clouds
431,Shimoda,JP,34.6667,138.95,50.36,55,19,22.19,few clouds
432,Sheridan,US,44.8333,-106.9173,8.46,75,75,0.0,broken clouds
433,Luoyang,CN,34.6836,112.4536,30.76,77,100,12.59,overcast clouds
434,Malakal,SS,9.5334,31.6605,65.73,20,53,10.96,broken clouds
435,Batemans Bay,AU,-35.7167,150.1833,71.2,67,92,10.07,overcast clouds
436,Trelew,AR,-43.249,-65.3051,59.97,69,99,8.99,light rain
437,Olavarria,AR,-36.8927,-60.3225,68.02,93,100,13.22,overcast clouds
438,Punta Alta,AR,-38.8759,-62.0736,70.41,78,98,12.5,overcast clouds
439,Talakan,RU,50.3167,130.3667,-3.66,86,66,2.8,broken clouds
440,Marigot,MF,18.0667,-63.0833,78.58,73,20,12.66,few clouds
441,Huilong,CN,31.8111,121.655,45.99,57,7,11.45,clear sky
442,Paciran,ID,-6.8767,112.3761,82.96,73,89,5.7,overcast clouds
443,Alta Floresta,BR,-9.8756,-56.0861,69.76,96,100,2.93,overcast clouds
444,Kawalu,ID,-7.3817,108.2082,81.95,70,94,3.0,overcast clouds
445,Vikulovo,RU,56.8167,70.6107,15.28,93,100,8.12,overcast clouds
446,Rehoboth,NA,-23.3167,17.0833,69.57,71,89,4.41,overcast clouds
447,Sabya,SA,17.1495,42.6254,73.02,67,1,5.17,clear sky
448,Husavik,IS,66.0449,-17.3389,33.71,70,100,18.63,overcast clouds
449,Port Lincoln,AU,-34.7333,135.8667,77.52,60,42,13.76,scattered clouds
450,Yumen,CN,40.2833,97.2,31.01,27,43,2.37,scattered clouds
451,Victor Harbor,AU,-35.5667,138.6167,94.19,42,1,1.01,clear sky
452,Weyburn,CA,49.6668,-103.8511,-23.58,69,6,6.91,clear sky
453,Nhulunbuy,AU,-12.2333,136.7667,88.41,66,40,10.36,scattered clouds
454,Cravo Norte,CO,6.3017,-70.2041,80.24,48,72,5.01,broken clouds
455,Baghdad,IQ,33.3406,44.4009,44.51,70,75,12.66,broken clouds
456,Port Said,EG,31.2565,32.2841,48.18,81,40,5.75,scattered clouds
457,Ghanzi,BW,-21.5667,21.7833,71.47,66,94,4.94,overcast clouds
458,La Ronge,CA,55.1001,-105.2842,-23.55,76,20,1.14,few clouds
459,Hambantota,LK,6.1241,81.1185,82.74,78,0,5.75,clear sky
460,Ocean City,US,39.2776,-74.5746,46.42,75,90,5.01,overcast clouds
461,Karema,TZ,-6.8205,30.4389,68.13,88,100,3.94,light rain
462,Odweyne,SO,9.4092,45.064,62.71,62,23,8.75,few clouds
463,Bloemhof,ZA,-27.6469,25.607,64.31,81,10,9.4,clear sky
464,Beloha,MG,-25.1667,45.05,72.55,72,40,9.82,scattered clouds
465,Luderitz,NA,-26.6481,15.1594,69.44,78,98,2.8,overcast clouds
466,Surt,LY,31.2089,16.5887,56.03,66,78,1.95,broken clouds
467,Oda,JP,35.1833,132.5,36.37,61,100,19.1,overcast clouds
468,Pedasi,PA,7.5333,-80.0333,75.07,80,5,21.74,clear sky
469,Maryborough,AU,-25.5333,152.7,84.11,68,84,10.02,broken clouds
470,Leninskoye,KZ,41.7589,69.3864,33.73,54,2,1.32,clear sky
471,Manitouwadge,CA,49.1215,-85.8403,-19.48,92,100,7.23,overcast clouds
472,Bumba,CD,2.1833,22.4667,69.44,90,45,2.68,scattered clouds
473,Port-Cartier,CA,50.0334,-66.8654,0.75,96,100,7.31,light snow
474,Fengxian,CN,34.7039,116.5872,37.06,36,0,8.97,clear sky
475,Bahar,IR,34.9072,48.4414,28.56,86,100,4.61,overcast clouds
476,Ust-Uda,RU,54.1742,103.0304,15.22,93,100,1.57,overcast clouds
477,Taitung,TW,22.7583,121.1444,73.67,73,75,11.5,broken clouds
478,Thinadhoo,MV,0.5333,72.9333,81.43,74,90,7.27,overcast clouds
479,Deputatskiy,RU,69.3,139.9,-23.22,77,12,4.72,few clouds
480,Honiara,SB,-9.4333,159.95,84.52,77,98,4.76,light rain
481,Mancio Lima,BR,-7.6142,-72.8958,73.98,93,100,2.46,overcast clouds
482,Breytovo,RU,58.2993,37.8617,30.85,92,100,14.74,overcast clouds
483,Mareeba,AU,-17.0,145.4333,87.44,66,100,4.94,overcast clouds
484,Franklin,US,39.9667,-83.0166,30.18,76,100,1.01,overcast clouds
485,Zile,TR,40.3031,35.8864,22.32,85,38,4.92,scattered clouds
486,Avera,US,33.194,-82.5271,52.72,71,100,6.17,overcast clouds
487,Raudeberg,NO,61.9875,5.1352,30.87,82,100,7.0,overcast clouds
488,Gazli,UZ,40.1333,63.45,31.33,80,5,13.67,clear sky
489,Guayaramerin,BO,-10.8368,-65.3614,76.06,85,98,2.39,overcast clouds
490,Coahuayana,MX,18.7333,-103.6833,70.41,87,43,2.66,scattered clouds
491,Ratnagiri,IN,16.9833,73.3,77.4,50,99,3.36,overcast clouds
492,Sao Filipe,CV,14.8961,-24.4956,72.39,79,39,8.63,scattered clouds
493,Kulu,TR,39.0951,33.0799,16.84,88,31,5.84,scattered clouds
494,Xining,CN,36.6167,101.7667,33.31,15,95,1.59,overcast clouds
495,Taihe,CN,30.8712,105.3845,49.51,84,100,4.72,overcast clouds
496,Pelotas,BR,-31.7719,-52.3425,78.82,100,0,2.3,light rain
497,Plainview,US,40.7765,-73.4673,46.51,64,0,3.0,clear sky
498,Shieli,KZ,44.1667,66.75,14.76,95,11,3.62,few clouds
499,Hobyo,SO,5.3505,48.5268,79.23,68,100,17.92,overcast clouds
500,Orlik,RU,52.5178,99.825,6.66,94,100,1.19,overcast clouds
501,Haverfordwest,GB,51.8017,-4.9691,45.16,85,8,5.01,clear sky
502,Mauganj,IN,24.6833,81.8833,59.72,31,7,3.51,clear sky
503,Ust-Ishim,RU,57.6935,71.1665,10.72,97,99,4.07,overcast clouds
504,Isla Mujeres,MX,21.2311,-86.731,75.16,69,18,11.14,few clouds
505,Mayo,US,38.8876,-76.5119,50.11,57,100,4.0,overcast clouds
506,Chumikan,RU,54.7183,135.315,-4.52,82,40,16.93,scattered clouds
507,Safita,SY,34.8205,36.1153,37.51,68,67,6.38,broken clouds
508,Esperance,AU,-33.8667,121.9,85.84,45,0,13.85,clear sky
509,Dongsheng,CN,39.8161,109.9776,29.3,47,0,21.14,clear sky
510,Kamenka,RU,51.3223,42.7678,-5.78,100,100,4.45,overcast clouds
511,Korla,CN,41.7597,86.1469,30.85,40,100,3.98,overcast clouds
512,Inhambane,MZ,-23.865,35.3833,75.16,71,59,10.04,broken clouds
513,Omboue,GA,-1.5746,9.2618,75.58,89,100,1.99,light rain
514,Bridlington,GB,54.0831,-0.1919,39.52,65,94,26.15,overcast clouds
515,Pio Xii,BR,-3.8325,-45.1525,72.32,98,100,2.55,overcast clouds
516,Saginaw,US,43.3334,-84.0333,21.24,63,100,12.66,overcast clouds
517,Gardez,AF,33.5974,69.2259,23.95,95,82,1.7,broken clouds
518,Encruzilhada Do Sul,BR,-30.5439,-52.5219,73.24,69,11,1.14,few clouds
519,Shache,CN,38.4167,77.2406,35.71,27,67,2.17,broken clouds
520,Azare,NG,11.6765,10.1948,52.47,31,82,9.06,broken clouds
521,Valleyview,CA,55.0667,-117.2859,5.04,85,94,20.71,overcast clouds
522,Natal,BR,-5.795,-35.2094,77.65,94,40,4.61,scattered clouds
523,Araouane,ML,18.9048,-3.5265,58.33,16,0,9.8,clear sky
524,Nouadhibou,MR,20.931,-17.0347,62.58,72,33,6.91,scattered clouds
525,Bowen,AU,-20.0167,148.2333,82.62,63,70,22.95,broken clouds
526,Quang Ngai,VN,15.1167,108.8,75.54,73,78,6.98,broken clouds
527,Samoded,RU,63.6083,40.5111,30.99,93,100,11.18,light snow
528,Karratha,AU,-20.7377,116.8463,95.86,42,15,12.71,few clouds
529,Otane,NZ,-39.8833,176.6333,70.39,44,100,6.22,overcast clouds
530,Nemuro,JP,43.3236,145.575,25.23,57,27,12.44,scattered clouds
531,Chapada Dos Guimaraes,BR,-15.4606,-55.7497,65.86,92,53,4.85,broken clouds
532,Pirapemas,BR,-3.7267,-44.2233,71.26,98,84,2.37,broken clouds
533,Sobradinho,BR,-12.8333,-39.1,71.6,98,36,2.3,scattered clouds
534,Temiscaming,CA,46.7212,-79.0971,-2.69,71,100,10.36,overcast clouds
535,Bara,NG,10.3744,10.7288,57.18,29,32,7.96,scattered clouds
536,Saint-Francois,FR,46.4154,3.9054,37.47,92,100,3.44,mist
537,Maryville,US,35.7565,-83.9705,46.85,92,100,3.0,overcast clouds
538,Russell,US,32.3502,-85.1999,56.43,82,75,5.75,broken clouds
539,Aswan,EG,24.0934,32.907,47.5,61,0,5.75,clear sky
540,Veinticinco De Mayo,AR,-35.4323,-60.1727,71.06,99,97,5.01,light rain
541,Oxkutzcab,MX,20.3,-89.4167,67.91,92,21,4.83,few clouds
542,San Cristobal,VE,7.7669,-72.225,69.98,82,47,2.35,scattered clouds
543,Alugan,PH,12.2188,125.4808,79.5,84,89,8.66,overcast clouds
544,Tiarei,PF,-17.5333,-149.3333,77.02,78,100,19.84,moderate rain
545,Honghu,CN,29.8206,113.4621,54.45,59,99,7.7,light rain
546,Yongzhou,CN,26.4559,111.5988,54.41,75,100,3.51,overcast clouds
547,Ust-Maya,RU,60.4167,134.5333,-24.5,90,30,1.43,scattered clouds
548,Ranong,TH,9.9658,98.6348,87.73,58,21,3.06,few clouds
549,Kodinsk,RU,58.6881,99.1844,11.01,94,97,4.09,overcast clouds
550,Qasigiannguit,GL,68.8193,-51.1922,41.25,67,100,25.5,overcast clouds
551,Stuttgart,DE,48.7823,9.177,37.65,90,75,9.22,broken clouds
552,Nouakchott,MR,18.0858,-15.9785,67.93,28,44,8.32,scattered clouds
553,Mastic,US,40.802,-72.8409,46.49,80,20,6.91,few clouds
554,Saint-Georges,GD,12.0564,-61.7485,76.68,83,40,13.8,scattered clouds
555,Bobcaygeon,CA,44.5462,-78.542,18.68,83,99,12.71,overcast clouds
556,Port Blair,IN,11.6667,92.75,80.64,78,75,6.91,broken clouds
557,Pangai,TO,-19.8,-174.35,82.24,85,20,20.71,few clouds
558,Nabire,ID,-3.3667,135.4833,85.21,70,100,6.73,overcast clouds
559,Witu,KE,-2.3889,40.4382,75.36,88,100,4.5,overcast clouds
560,Cuamba,MZ,-14.8031,36.5372,66.42,96,73,2.48,broken clouds
561,Pasighat,IN,28.0667,95.3333,69.08,30,47,2.42,scattered clouds
562,Troitskoye,RU,52.9821,84.6757,1.8,99,98,2.26,overcast clouds
563,Kidderminster,GB,52.3882,-2.25,40.44,95,5,7.02,clear sky
564,Fereydun Kenar,IR,36.6864,52.5225,39.42,81,0,0.0,clear sky
565,Naryan-Mar,RU,67.6713,53.087,20.5,93,100,18.72,light snow
566,Port Macquarie,AU,-31.4333,152.9167,71.56,63,78,16.89,broken clouds
567,Ayagoz,KZ,47.9714,80.4392,-3.05,99,97,8.59,overcast clouds
568,Mount Isa,AU,-20.7333,139.5,87.57,55,100,6.91,overcast clouds
569,Nizhniy Kuranakh,RU,58.8353,125.4869,-6.61,85,91,1.5,overcast clouds
570,Axim,GH,4.8699,-2.2405,76.44,84,23,5.23,light rain
571,Manyana,BW,-23.4,21.7167,70.92,57,57,7.52,broken clouds
572,Barra Do Garcas,BR,-15.89,-52.2567,70.32,95,99,2.42,overcast clouds
573,Turukhansk,RU,65.8167,87.9833,9.45,95,100,11.95,light snow
574,Kendari,ID,-3.945,122.4989,84.69,67,99,3.94,overcast clouds
575,Kembe,CF,4.6228,21.8865,71.76,66,100,1.7,light rain
576,Khandbari,NP,27.3747,87.2039,58.01,54,95,2.64,overcast clouds
577,Ajdabiya,LY,30.7554,20.2263,52.07,75,46,8.25,scattered clouds
578,Kalianget,ID,-7.05,113.9333,79.52,74,100,4.65,overcast clouds
579,Sinnamary,GF,5.3833,-52.95,75.58,89,100,7.74,overcast clouds
580,Nome,US,64.5011,-165.4064,-11.13,58,0,4.61,clear sky
581,Puerto Leguizamo,CO,-0.1934,-74.7819,72.23,90,100,1.48,overcast clouds
582,Darnah,LY,32.767,22.6367,50.27,69,8,6.62,clear sky
583,Alyangula,AU,-13.8483,136.4192,87.67,70,100,5.75,light rain
584,Cerro Largo,BR,-28.1486,-54.7381,83.75,36,35,5.55,scattered clouds
585,Komsomolskiy,UZ,40.4272,71.7189,36.82,80,10,2.3,clear sky
586,Kaya,BF,13.0917,-1.0844,60.19,15,0,9.91,clear sky
587,Tabou,CI,4.423,-7.3528,76.35,87,21,2.24,few clouds
588,Iglesias,IT,39.3114,8.535,41.76,87,11,3.13,few clouds
589,Bam,IR,29.106,58.357,51.51,47,0,1.9,clear sky
590,Itarema,BR,-2.9248,-39.9167,76.89,89,12,8.81,few clouds
591,Istanbul,TR,41.0351,28.9833,36.82,75,40,18.41,scattered clouds
592,Dombarovskiy,RU,50.7587,59.5386,-0.74,98,100,6.69,overcast clouds
593,Harindanga,IN,22.0383,88.3214,62.58,32,5,1.21,clear sky
594,Champua,IN,22.0833,85.6667,65.19,43,2,3.85,clear sky
595,Kenai,US,60.5544,-151.2583,26.69,99,100,0.0,overcast clouds
596,Tsiroanomandidy,MG,-18.7667,46.0333,67.24,94,100,1.81,overcast clouds
597,Ternate,ID,0.8,127.4,82.56,75,100,4.54,overcast clouds
598,Darhan,MN,49.4867,105.9228,10.18,90,96,1.74,overcast clouds
599,Christchurch,NZ,-43.5333,172.6333,66.4,48,38,1.01,scattered clouds
600,Kununurra,AU,-15.7667,128.7333,94.98,52,57,6.91,broken clouds
601,Iowa City,US,41.6611,-91.5302,5.2,70,0,8.05,clear sky
602,Dargaville,NZ,-35.9333,173.8833,72.21,68,100,9.24,overcast clouds
603,Vao,NC,-22.6667,167.4833,78.15,82,47,18.54,scattered clouds
604,Roald,NO,62.5833,6.1333,32.14,64,20,21.85,light snow
605,Linares,CL,-35.85,-71.6,49.71,65,0,5.44,clear sky
606,Nishihara,JP,26.1842,127.7558,66.25,48,75,16.11,broken clouds
607,Lakes Entrance,AU,-37.8811,147.981,72.16,62,3,16.33,clear sky
608,Beringovskiy,RU,63.05,179.3167,-21.5,90,5,8.63,clear sky
609,Port-Gentil,GA,-0.7193,8.7815,76.55,88,100,8.66,light rain
610,Dalby,AU,-27.1833,151.2667,77.7,80,100,17.16,overcast clouds
611,Haines Junction,CA,60.7522,-137.5108,6.75,85,100,2.3,overcast clouds
612,San Carlos De Bariloche,AR,-41.1456,-71.3082,51.55,82,75,5.75,broken clouds
613,Talnakh,RU,69.4865,88.3972,-0.8,97,100,7.85,light snow
614,Suwalki,PL,54.1118,22.9309,31.28,96,100,19.04,snow
615,Turtas,RU,58.9417,69.1325,16.05,95,95,6.69,overcast clouds
616,Rantepao,ID,-2.9701,119.8978,77.45,68,100,2.21,overcast clouds
617,Hualmay,PE,-11.0964,-77.6139,72.37,81,84,8.21,broken clouds
618,Mahajanga,MG,-15.7167,46.3167,73.42,100,75,6.91,light rain
619,Dzhalil,RU,55.0239,52.7358,16.3,92,100,11.74,overcast clouds
620,Pobe,BJ,6.9801,2.6649,71.01,50,20,3.36,few clouds
621,Morondava,MG,-20.2833,44.2833,76.64,86,100,9.22,light rain
622,East Wenatchee Bench,US,47.4257,-120.2812,39.15,93,100,3.44,overcast clouds
623,Mehran,IR,33.1222,46.1646,42.28,45,95,10.69,overcast clouds
624,Marco,US,25.9726,-81.729,64.0,56,5,0.0,clear sky
625,Rawson,AR,-43.3002,-65.1023,59.29,72,100,8.12,light rain
626,Portland,US,45.5234,-122.6762,54.59,94,100,1.01,moderate rain
627,Kalispell,US,48.1958,-114.3129,28.49,75,100,0.0,overcast clouds
628,Saint-Augustin,CA,51.226,-58.6502,-16.1,89,62,5.91,broken clouds
629,Constantine,DZ,36.365,6.6147,27.81,93,0,2.3,clear sky
630,Batagay,RU,67.6333,134.6333,-35.39,94,27,2.68,scattered clouds
631,Lithgow,AU,-33.4833,150.15,64.67,61,70,15.35,broken clouds
632,Saint Anthony,US,45.0205,-93.218,0.09,69,0,5.01,clear sky
633,Konstantinovskaya,RU,44.0456,43.1583,21.49,85,100,2.42,light snow
634,Itaituba,BR,-4.2761,-55.9836,72.43,98,37,1.59,scattered clouds
635,Terrace Bay,CA,48.7834,-87.1,-18.78,97,91,11.63,overcast clouds
636,Guaruja,BR,-23.9931,-46.2564,80.89,26,7,1.54,clear sky
637,Dickinson,US,29.4608,-95.0513,69.87,89,100,5.01,overcast clouds
638,Temba,ZA,-25.3803,28.2631,69.1,83,88,9.24,overcast clouds
639,La Tuque,CA,47.4334,-72.7824,3.45,85,94,1.14,overcast clouds
640,Xai-Xai,MZ,-25.0519,33.6442,74.35,81,100,5.84,light rain
641,Soloneshnoye,RU,51.6544,84.3197,10.47,97,95,1.28,overcast clouds
642,Garmsar,IR,35.2182,52.3409,34.7,33,0,0.81,clear sky
643,Bariadi,TZ,-2.8,33.9833,61.18,92,98,3.49,overcast clouds
644,Komsomolets,KZ,53.7453,62.0708,5.59,93,81,7.87,broken clouds
645,Santa Rosa,PH,14.3122,121.1114,85.08,66,77,14.97,broken clouds
646,Dwarka,IN,22.2394,68.9678,73.45,78,1,10.38,clear sky
647,Mto Wa Mbu,TZ,-3.35,35.85,67.12,86,100,1.3,light rain
648,Mandalgovi,MN,45.7625,106.2708,11.12,62,29,5.5,scattered clouds
649,Healdsburg,US,38.6105,-122.8692,55.08,76,0,0.0,mist
650,Palmer,US,42.1584,-72.3287,42.48,73,100,1.01,overcast clouds
651,Bay City,US,43.5945,-83.8889,21.2,65,100,5.99,overcast clouds
652,Skagen,DK,57.7209,10.5839,37.09,53,52,39.48,broken clouds
653,Camana,PE,-16.6228,-72.7111,72.7,84,88,7.16,overcast clouds
654,Miles City,US,46.4083,-105.8406,1.51,71,0,8.05,clear sky
655,Luanda,AO,-8.8368,13.2343,72.43,86,100,6.91,overcast clouds
656,Diamantino,BR,-14.4086,-56.4461,70.84,95,66,4.09,broken clouds
657,Ouango,CF,4.3133,22.5552,70.09,85,90,2.89,overcast clouds
658,Chingola,ZM,-12.529,27.8838,60.55,99,100,3.69,light rain
659,Tessalit,ML,20.1986,1.0114,54.68,31,2,10.6,clear sky
660,Loutra,GR,39.0569,26.545,36.3,56,40,4.61,scattered clouds
661,Petatlan,MX,17.5167,-101.2667,72.28,84,67,3.31,broken clouds
662,Mosetse,BW,-20.75,26.65,67.32,55,76,11.77,broken clouds
